Tipo_Defecto_Principal,Unidades_Defectuosas,Frecuencia_Relativa,Acumulado
Dimensión fuera de especificación,1412,0.42736077481840196,0.42736077481840196
Rayadura,706,0.21368038740920098,0.6410411622276029
Error de ensamblaje,549,0.16616222760290558,0.8072033898305084
Otro,351,0.10623486682808717,0.9134382566585956
Falla de material,286,0.08656174334140436,0.9999999999999999
Ninguno,0,0.0,0.9999999999999999
